Модель,MAE,RMSE,MSE,R²,Час навчання (сек),Кількість ітерацій
OLS,23.156289596452215,28.044788519339917,786.5101630945001,0.12698638835689058,0.0013930797576904297,N/A
Ridge,23.155925128595555,28.045649768587314,786.5584709422616,0.1269327674240356,0.001458883285522461,
Lasso,23.226160895014388,28.113988012244597,790.3963219526329,0.12267281462402357,0.008378982543945312,7
